-- OntoPrompt Seed Data
-- Run after schema creation to populate test data

-- =====================
-- USERS (3 users)
-- =====================
INSERT INTO users (id, username, email, password_hash, role, is_active, created_at, updated_at) VALUES
  ('u-admin-001', 'admin', 'admin@ontoprompt.local',
   '$2b$12$EixZaYVK1fsbw1ZfbX3OXePaWxn96p36WQoeG6Lruj3vjPGga31lW', -- password: changeme123
   'admin', 1, datetime('now'), datetime('now')),
  ('u-editor-001', 'editor', 'editor@ontoprompt.local',
   '$2b$12$EixZaYVK1fsbw1ZfbX3OXePaWxn96p36WQoeG6Lruj3vjPGga31lW',
   'editor', 1, datetime('now'), datetime('now')),
  ('u-viewer-001', 'viewer', 'viewer@ontoprompt.local',
   '$2b$12$EixZaYVK1fsbw1ZfbX3OXePaWxn96p36WQoeG6Lruj3vjPGga31lW',
   'viewer', 1, datetime('now'), datetime('now'));

-- =====================
-- ONTOLOGY PROJECTS (3 projects)
-- =====================
INSERT INTO ontology_projects (id, name, domain, description, version, status, created_by, created_at, updated_at) VALUES
  ('o-supply-001', '供应链知识图谱', '供应链', '基于供应链管理文档构建的本体', 'v1.0', 'created', 'u-admin-001', datetime('now'), datetime('now')),
  ('o-medical-001', '医疗本体', '医疗', '慢性病管理领域本体', 'v0.5', 'draft', 'u-editor-001', datetime('now'), datetime('now')),
  ('o-finance-001', '财务概念本体', '财务', '财务报表相关概念体系', 'v0.1', 'creating', 'u-admin-001', datetime('now'), datetime('now'));

-- =====================
-- ENTITIES (8 entities)
-- =====================
INSERT INTO entities (id, ontology_id, name_cn, name_en, type, description, properties, confidence, version, created_at, updated_at) VALUES
  ('e-sup-001', 'o-supply-001', '供应商', 'Supplier', '组织', '提供原材料或服务的外部企业', '{}', 0.95, 'v1.0', datetime('now'), datetime('now')),
  ('e-sup-002', 'o-supply-001', '原材料', 'RawMaterial', '物料', '用于生产的基础物料', '{}', 0.92, 'v1.0', datetime('now'), datetime('now')),
  ('e-sup-003', 'o-supply-001', '采购订单', 'PurchaseOrder', '单据', '向供应商发出的采购请求文件', '{}', 0.98, 'v1.0', datetime('now'), datetime('now')),
  ('e-sup-004', 'o-supply-001', '仓库', 'Warehouse', '地点', '存储物料的场所', '{}', 0.90, 'v1.0', datetime('now'), datetime('now')),
  ('e-sup-005', 'o-supply-001', '安全库存', 'SafetyStock', '概念', '防止缺货的最低库存水平', '{}', 0.88, 'v1.0', datetime('now'), datetime('now')),
  ('e-med-001', 'o-medical-001', '高血压', 'Hypertension', '疾病', '收缩压≥140mmHg的慢性病', '{}', 0.97, 'v0.5', datetime('now'), datetime('now')),
  ('e-med-002', 'o-medical-001', '降压药', 'Antihypertensive', '药物', '用于降低血压的药物类别', '{}', 0.91, 'v0.5', datetime('now'), datetime('now')),
  ('e-fin-001', 'o-finance-001', '资产', 'Asset', '财务概念', '企业拥有的经济资源', '{}', 0.99, 'v0.1', datetime('now'), datetime('now'));

-- =====================
-- RELATIONS (5 relations)
-- =====================
INSERT INTO relations (id, ontology_id, source_entity, target_entity, type, properties, confidence, created_at) VALUES
  ('r-001', 'o-supply-001', 'e-sup-001', 'e-sup-002', '提供', '{}', 0.95, datetime('now')),
  ('r-002', 'o-supply-001', 'e-sup-003', 'e-sup-001', '发送给', '{}', 0.90, datetime('now')),
  ('r-003', 'o-supply-001', 'e-sup-002', 'e-sup-004', '存储于', '{}', 0.88, datetime('now')),
  ('r-004', 'o-supply-001', 'e-sup-005', 'e-sup-002', '约束', '{}', 0.82, datetime('now')),
  ('r-005', 'o-medical-001', 'e-med-002', 'e-med-001', '治疗', '{}', 0.93, datetime('now'));

-- =====================
-- LOGIC RULES (3 rules)
-- =====================
INSERT INTO logic_rules (id, ontology_id, name_cn, name_en, description, formula, confidence, version, created_at, updated_at) VALUES
  ('l-001', 'o-supply-001', '安全库存触发规则', 'SafetyStockRule', '库存低于阈值时触发采购', 'stock < safety_stock * 0.2 → purchase()', 0.90, 'v1.0', datetime('now'), datetime('now')),
  ('l-002', 'o-supply-001', '库存上限规则', 'MaxInventoryRule', '防止过度库存', 'inventory <= max_inventory * 1.5', 0.85, 'v1.0', datetime('now'), datetime('now')),
  ('l-003', 'o-medical-001', '高血压合并糖尿病用药规则', 'HTN_DM_DrugRule', '高血压合并糖尿病首选ARB或ACEI', 'has(HTN) AND has(DM) → prefer(ARB | ACEI)', 0.88, 'v0.5', datetime('now'), datetime('now'));

-- =====================
-- ACTIONS (3 actions)
-- =====================
INSERT INTO actions (id, ontology_id, name_cn, name_en, description, execution_rule, function_code, linked_entities, linked_logic_ids, confidence, version, created_at, updated_at) VALUES
  ('a-001', 'o-supply-001', '触发采购申请', 'TriggerPurchaseRequest', '自动创建采购申请', 'WHEN stock_low THEN create_PR()', '', '["e-sup-001","e-sup-002"]', '["l-001"]', 0.88, 'v1.0', datetime('now'), datetime('now')),
  ('a-002', 'o-supply-001', '供应商绩效评估', 'SupplierEvaluation', '季度评估供应商', 'SCHEDULE quarterly → evaluate_supplier()', '', '["e-sup-001"]', '[]', 0.82, 'v1.0', datetime('now'), datetime('now')),
  ('a-003', 'o-medical-001', '高血压用药推荐', 'HTNDrugRecommendation', '基于患者情况推荐用药', 'IF patient.HTN AND patient.DM THEN recommend(ARB)', '', '["e-med-001","e-med-002"]', '["l-003"]', 0.85, 'v0.5', datetime('now'), datetime('now'));

-- =====================
-- PROMPTS (6 prompts)
-- =====================
INSERT INTO prompts (id, name, domain, content, version, created_by, created_at, updated_at) VALUES
  ('p-001', '通用本体提取', '其他', '你是本体工程专家，提取JSON格式本体：{"entities":[],"relations":[],"logic_rules":[],"actions":[]}', 'v1.0', 'u-admin-001', datetime('now'), datetime('now')),
  ('p-002', '供应链本体提取', '供应链', '从供应链文档提取供应商、物料、仓库等实体和关系，返回JSON', 'v1.0', 'u-admin-001', datetime('now'), datetime('now')),
  ('p-003', '医疗本体提取', '医疗', '从医疗文档提取疾病、药物、症状等实体及诊疗规则，返回JSON', 'v1.0', 'u-admin-001', datetime('now'), datetime('now')),
  ('p-004', '财务本体提取', '财务', '从财务文档提取会计概念、财务规则，返回JSON', 'v1.0', 'u-admin-001', datetime('now'), datetime('now')),
  ('p-005', '法律本体提取', '法律', '从法律文档提取法律概念、权利义务关系，返回JSON', 'v1.0', 'u-admin-001', datetime('now'), datetime('now')),
  ('p-006', '教育本体提取', '教育', '从教育文档提取课程、知识点、能力要求，返回JSON', 'v1.0', 'u-admin-001', datetime('now'), datetime('now'));

-- =====================
-- MODEL CONFIGS (3 models)
-- =====================
INSERT INTO model_configs (id, name, api_base, api_key_encrypted, provider, models, created_by, created_at, updated_at) VALUES
  ('m-001', 'OpenAI GPT-4o', NULL, 'sk-test-encrypted', 'openai', '["gpt-4o","gpt-4o-mini"]', 'u-admin-001', datetime('now'), datetime('now')),
  ('m-002', 'Claude 3.5', NULL, 'sk-ant-test-encrypted', 'anthropic', '["claude-3-5-sonnet-20241022","claude-3-5-haiku-20241022"]', 'u-admin-001', datetime('now'), datetime('now')),
  ('m-003', 'Ollama Local', 'http://localhost:11434/v1', '', 'compatible', '["llama3.2","qwen2.5"]', 'u-admin-001', datetime('now'), datetime('now'));

-- =====================
-- EXTRACTION TASKS (2 tasks)
-- =====================
INSERT INTO extraction_tasks (id, ontology_id, prompt_id, model_id, status, parameters, progress, error, created_at, updated_at) VALUES
  ('t-001', 'o-supply-001', 'p-002', 'm-001', 'completed',
   '{"model_name":"gpt-4o"}', '{"stage":"done","pct":100}', NULL, datetime('now'), datetime('now')),
  ('t-002', 'o-medical-001', 'p-003', 'm-001', 'failed',
   '{"model_name":"gpt-4o"}', '{"stage":"calling LLM","pct":40}', 'API rate limit exceeded', datetime('now'), datetime('now'));

-- =====================
-- RULES CONFIG (8 rules)
-- =====================
INSERT INTO rules_config (id, rule_key, rule_value, rule_label_cn, rule_label_en, editable, created_at, updated_at) VALUES
  ('rc-001', 'confidence_entity_min', '0.5', '实体最低置信度', 'Entity min confidence', 1, datetime('now'), datetime('now')),
  ('rc-002', 'confidence_logic_min', '0.6', '逻辑规则最低置信度', 'Logic rule min confidence', 1, datetime('now'), datetime('now')),
  ('rc-003', 'confidence_action_min', '0.6', '动作最低置信度', 'Action min confidence', 1, datetime('now'), datetime('now')),
  ('rc-004', 'confidence_relation_min', '0.5', '关系最低置信度', 'Relation min confidence', 1, datetime('now'), datetime('now')),
  ('rc-005', 'confidence_high_threshold', '0.9', '高置信度阈值', 'High confidence threshold', 1, datetime('now'), datetime('now')),
  ('rc-006', 'confidence_medium_threshold', '0.7', '中置信度阈值', 'Medium confidence threshold', 1, datetime('now'), datetime('now')),
  ('rc-007', 'confidence_low_threshold', '0.5', '低置信度阈值', 'Low confidence threshold', 1, datetime('now'), datetime('now')),
  ('rc-008', 'confidence_display_dashed_below', '0.7', '低于此值显示虚线边', 'Show dashed edge below', 1, datetime('now'), datetime('now'));
